{
  "version": 2,
  "pieces": [
    {
      "id": "baron_revenant",
      "display_name": "Revenant",
      "owner": "Baron Samedi",
      "category": "Evolution",
      "base_id": "base_spirit_blue",
      "prefabPath": "PhotonPrefabs/Revenant",
      "patternPath": "Codex/Patterns/Revenant",
      "description": "Un esprit revenu d'entre les morts. Se déplace selon le motif illustré ; interactions thématiques avec la nécrose et le retour en jeu.",
      "abilities": [],
      "notes": [],
      "is_stationary": false,
      "codex_order": 210
    },
    {
      "id": "baron_egaree_profondeur",
      "display_name": "Égarée des Profondeurs",
      "owner": "Baron Samedi",
      "category": "Evolution",
      "base_id": "base_spirit_blue",
      "prefabPath": "PhotonPrefabs/Egaree_Profondeur",
      "patternPath": "Codex/Patterns/Egaree_Profondeur",
      "description": "Âme noyée qui surgit là où on ne l'attend pas. Déplacements conformes au motif.",
      "abilities": [],
      "notes": [],
      "is_stationary": false,
      "codex_order": 220
    },
    {
      "id": "baron_devoreur_ame",
      "display_name": "Dévoreur d'Âme",
      "owner": "Baron Samedi",
      "category": "Evolution",
      "base_id": "base_spirit_blue",
      "prefabPath": "PhotonPrefabs/Devoreur_Ame",
      "patternPath": "Codex/Patterns/Devoreur_Ame",
      "description": "Aspire la vitalité sur sa ligne de prédation. Se déplace suivant la colonne illustrée.",
      "abilities": [],
      "notes": [],
      "is_stationary": false,
      "codex_order": 230
    },
    {
      "id": "baron_hurleur_creux",
      "display_name": "Hurleur Creux",
      "owner": "Baron Samedi",
      "category": "Evolution",
      "base_id": "base_spirit_blue",
      "prefabPath": "PhotonPrefabs/Hurleur_Creux",
      "patternPath": "Codex/Patterns/Hurleur_Creux",
      "description": "Cri du tombeau. Déplacements comme sur le motif ; effets de terreur thématiques (cf. règles).",
      "abilities": [],
      "notes": [],
      "is_stationary": false,
      "codex_order": 240
    },
    {
      "id": "baron_flamme_violette",
      "display_name": "Flamme Violette",
      "owner": "Baron Samedi",
      "category": "Evolution",
      "base_id": "base_spirit_blue",
      "prefabPath": "PhotonPrefabs/Flamme_Violette",
      "patternPath": "Codex/Patterns/Flamme_Violette",
      "description": "Brasier spectral qui consume à courte portée. Motif = zone de déplacement/capture.",
      "abilities": [],
      "notes": [],
      "is_stationary": false,
      "codex_order": 250
    },

    {
      "id": "ogoun_lame_ardente",
      "display_name": "Lame Ardente",
      "owner": "Ogoun",
      "category": "Evolution",
      "base_id": "base_spirit_red",
      "prefabPath": "PhotonPrefabs/Lame_Ardente",
      "patternPath": "Codex/Patterns/Lame_Ardente",
      "description": "Guerrier enflammé. Déplacements/captures selon le motif (croix étendue).",
      "abilities": [],
      "notes": [],
      "is_stationary": false,
      "codex_order": 110
    },
    {
      "id": "ogoun_manieur_de_lame",
      "display_name": "Manieur de Lame",
      "owner": "Ogoun",
      "category": "Evolution",
      "base_id": "base_spirit_red",
      "prefabPath": "PhotonPrefabs/Manieur_De_Lame",
      "patternPath": "Codex/Patterns/Manieur_Lame",
      "description": "Maître d'armes capable de faucher à proximité. Se déplace comme sur le motif.",
      "abilities": [],
      "notes": [],
      "is_stationary": false,
      "codex_order": 120
    },
    {
      "id": "ogoun_ravageur",
      "display_name": "Ravageur",
      "owner": "Ogoun",
      "category": "Evolution",
      "base_id": "base_spirit_red",
      "prefabPath": "PhotonPrefabs/Ravageur",
      "patternPath": "Codex/Patterns/Ravageur",
      "description": "Percute et repousse les ennemis à l'atterrissage (effets de poussée). Déplacements conformément au motif.",
      "abilities": ["Poussées après déplacement (voir règles)."],
      "notes": [],
      "is_stationary": false,
      "codex_order": 130
    },
    {
      "id": "ogoun_sentinelle_ecarlate",
      "display_name": "Sentinelle Écarlate",
      "owner": "Ogoun",
      "category": "Evolution",
      "base_id": "base_spirit_red",
      "prefabPath": "PhotonPrefabs/Sentinelle_Ecarlate",
      "patternPath": "Codex/Patterns/Sentinelle_Ecarlate",
      "description": "Gardien indestructible : les ennemis finissant orthogonalement adjacents périssent (aura). Déplacements selon le motif rapproché.",
      "abilities": ["Indestructible", "Aura létale orthogonale (voir règles)."],
      "notes": [],
      "is_stationary": false,
      "codex_order": 140
    },
    {
      "id": "ogoun_cavalier_fulgurant",
      "display_name": "Cavalier Fulgurant",
      "owner": "Ogoun",
      "category": "Evolution",
      "base_id": "base_spirit_red",
      "prefabPath": "PhotonPrefabs/Cavalier_Fulgurant",
      "patternPath": "Codex/Patterns/Cavalier_Fulgurant",
      "description": "Bond éclair ; règles spéciales de saut et de carnage en chemin. Motif = directions de bond.",
      "abilities": ["Saut spécial (voir règles)."],
      "notes": [],
      "is_stationary": false,
      "codex_order": 150
    },

    {
      "id": "base_spirit_blue",
      "display_name": "Esprit (Bleu)",
      "owner": "Baron Samedi",
      "category": "Base",
      "prefabPath": "PhotonPrefabs/Spirit_Blue",
      "patternPath": "Codex/Patterns/Esprit_Bleu",
      "description": "Pièce de base du Baron. Se déplace d'UNE case orthogonale (haut, bas, gauche, droite). Capture comme le déplacement. Sert d'unité à faire évoluer à proximité du masque.",
      "abilities": [],
      "notes": [],
      "is_stationary": false,
      "codex_order": 10
    },
    {
      "id": "base_spirit_red",
      "display_name": "Esprit (Rouge)",
      "owner": "Ogoun",
      "category": "Base",
      "prefabPath": "PhotonPrefabs/Spirit_Red",
      "patternPath": "Codex/Patterns/Esprit_Rouge",
      "description": "Pièce de base d'Ogoun. Se déplace d'UNE case orthogonale (haut, bas, gauche, droite). Capture comme le déplacement. Sert d'unité à faire évoluer à proximité du masque.",
      "abilities": [],
      "notes": [],
      "is_stationary": false,
      "codex_order": 11
    },

    {
      "id": "mask_baron_samedi",
      "display_name": "Masque de Baron Samedi",
      "owner": "Baron Samedi",
      "category": "Mask",
      "prefabPath": "PhotonPrefabs/BaronSamediMask",
      "patternPath": "Codex/Patterns/Masque_BaronSamedi",
      "description": "Masque du Baron Samedi. Le motif illustre ses déplacements et la zone dans laquelle vous pouvez faire évoluer vos pions.",
      "abilities": [],
      "notes": [],
      "is_stationary": true,
      "codex_order": 20
    },
    {
      "id": "mask_ogoun",
      "display_name": "Masque d'Ogoun",
      "owner": "Ogoun",
      "category": "Mask",
      "prefabPath": "PhotonPrefabs/Ogoun_Mask",
      "patternPath": "Codex/Patterns/Masque_Ogoun",
      "description": "Masque d'Ogoun. Le motif illustre ses déplacements et la zone dans laquelle vous pouvez faire évoluer vos pions.",
      "abilities": [],
      "notes": [],
      "is_stationary": true,
      "codex_order": 21
    }
  ]
}
